Mesh Size (h),Polynomial Degree d,Interface Width,Total DoFs,Time (s),Iterations,1 / Interface Width,Fit Iterations,Fit Slope
0.1,1,0.1,17794,0.7872374819999095,10,10.0,9.207339929205025,0.4541461896872148
0.1,1,0.05179474679231213,16374,0.6272984570005065,12,19.306977288832496,12.413385180662843,0.4541461896872148
0.1,1,0.02682695795279726,16772,0.8093437050001739,17,37.2759372031494,16.735792620703695,0.4541461896872148
0.1,1,0.013894954943731374,16853,1.012081169999874,21,71.96856730011521,22.56328556367606,0.4541461896872148
0.1,1,0.0071968567300115215,17083,1.3971669539996583,30,138.94954943731375,30.419942871315648,0.4541461896872148
0.1,1,0.0037275937203149418,16911,1.7188278220000939,39,268.26957952797244,41.01233048186196,0.4541461896872148
0.1,1,0.0019306977288832496,16987,2.725417145999927,54,517.9474679231213,55.29304439093834,0.4541461896872148
0.1,1,0.001,16908,3.502444202999868,82,1000.0,74.5463796399086,0.4541461896872148
