Mesh Size (h),Polynomial Degree d,Interface Width,Total DoFs,Time (s),Iterations,1 / Interface Width,Fit Iterations,Fit Slope
0.25,1,0.1,125102,35.35048217500116,11,10.0,11.075139464681872,0.41130355561081466
0.25,1,0.05179474679231213,127431,32.533715550000124,14,19.306977288832496,14.516586471585091,0.41130355561081466
0.25,1,0.02682695795279726,127146,54.11772036399998,19,37.2759372031494,19.027415723207824,0.41130355561081466
0.25,1,0.013894954943731374,128897,48.816190905999974,25,71.96856730011521,24.939923019260895,0.41130355561081466
0.25,1,0.0071968567300115215,128343,53.35138376900068,33,138.94954943731375,32.68966050118953,0.41130355561081466
0.25,1,0.0037275937203149418,127456,64.87625533200026,47,268.26957952797244,42.84752213780889,0.41130355561081466
0.25,1,0.0019306977288832496,126214,103.78064387900031,59,517.9474679231213,56.16179933356046,0.41130355561081466
0.25,1,0.001,126413,86.85313235500053,66,1000.0,73.61330473763553,0.41130355561081466
