Mesh Size (h),Polynomial Degree d,Interface Width,Offset Percentage,Total DoFs,Interface DoFs,Total Time (s),Iterations
0.31622776601683794,1,0.01,,226,66,0.09632079699986207,28
0.16378937069540642,1,0.01,,579,124,0.11763439999958791,33
0.08483428982440722,1,0.01,,1853,238,0.1500323620002746,23
0.043939705607607904,1,0.01,,6143,458,0.30894596000052843,20
0.022758459260747887,1,0.01,,19470,880,0.5178937459995723,18
0.011787686347935878,1,0.01,,71758,1698,1.4352103419996638,10
0.006105402296585327,1,0.01,,263780,3278,7.116209990999778,6
0.0031622776601683794,1,0.01,,966339,6326,107.96909270600008,4
