Mesh Size (h),Polynomial Degree d,Interface Width,Offset Percentage,Total DoFs,Interface DoFs,Total Time (s),Iterations,1 / Interface Width,Fit Iterations,Fit Slope,Fit R2
0.25,1,0.1,,125102,69816,20.24659390500028,11,10.0,11.075139465261241,0.4113035556018719,0.9921402664391062
0.25,1,0.05179474679231213,,127431,69816,26.85624174900022,14,19.306977288832496,14.516586472259085,0.4113035556018719,0.9921402664391062
0.25,1,0.02682695795279726,,127146,69816,43.59006703000023,19,37.2759372031494,19.027415723979306,0.4113035556018719,0.9921402664391062
0.25,1,0.013894954943731374,,128897,69816,45.62397846499971,25,71.96856730011521,24.939923020125377,0.4113035556018719,0.9921402664391062
0.25,1,0.0071968567300115215,,128343,69816,73.94928640099988,33,138.94954943731375,32.689660502130316,0.4113035556018719,0.9921402664391062
0.25,1,0.0037275937203149418,,127456,69816,72.5389686020003,47,268.26957952797244,42.84752213878993,0.4113035556018719,0.9921402664391062
0.25,1,0.0019306977288832496,,126214,69816,71.44648370000004,59,517.9474679231213,56.16179933451592,0.4113035556018719,0.9921402664391062
0.25,1,0.001,,126413,69816,79.04697589600028,66,1000.0,73.6133047384548,0.4113035556018719,0.9921402664391062
